customer_tweet_id,customer_text,support_reply,intent,notes
1773221,@AppleSupport Screen typing on its own either a malfunction or i have ghost,@532941 Thanks for the info. Let's work together on this in DM.,performance_crash,
2285946,@AppleSupport iOS 11.1.1 version.. and restarting the phone or stocks app doesn't help with any changes,@664262 Thanks. Send us a DM to continue.,ios_update,
2369395,"@AppleSupport No, I only get this issue when I receive messages. I’m using the iPhone 8 Plus",@683800 Thanks for confirming. Do you know if the contacts messaging you with this issue have updated their devices?,performance_crash,
766951,"@AppleSupport No. It just flashes at the top of the screen like it’s going to play, but nothing happens.","@303299 Thanks for confirming. Please meet us in DM so we may gather information, and better assist.",device_settings_features,
2367804,"@AppleSupport It reads ""watchOS 3.2.2 - Your software is up to date.""",@157995 We want to help you get things up to date. Send us a DM and let us know what version of iOS you are running on your phone and we'll go from there.,apps_app_store,6.0
501470,"@AppleSupport Hi, thanks! I’m running 11.1.1","@234806 You're most welcome! We recommend creating backup of your data, and update your iOS to iOS 11.1.2. This article has the details:",icloud_photos,8.0
1467463,"@460619 @AppleSupport Guys that’s true, i did update to ios11.1 on my 7+ &amp; the battery is the worst 🤨🤯 What’s going on",@591716 Thanks for reaching out to us for support. We would love to help you. Please DM us so that we can look into this together.,messages_imessage,9.0
1492839,"@AppleSupport o IOS11 tá dando problema com o Wi-Fi e não conecta, em todos os Androids aqui de casa funciona internet, no meu cel não 🙄","@466671 Since our Twitter support is available in English, get help at or join",purchases_billing,11.0
2557328,@726036 @115858 @AppleSupport My iPhone 7+ runs out of charge so quick it’s unbelievable,@726378 We're happy to help. Try these tips for battery life and let us know if you still have an issue:,other_unclear,13.0
484495,@AppleSupport,"@230289 Great, we're glad to see your iPhone is up to date. We'd like to continue working with you on this, DM us and we'll go from there.",other_unclear,12.0
711656,"@AppleSupport Yes, but do Dolby Vision films *also* support my HDR10 TV, or are the formats mutually exclusive?","@290192 The formats are not exclusive. With 4K content, it will play at the highest quality available (4K SDR, 4K HDR, or 4K Dolby Vision).",other_unclear,1.0
2105223,@AppleSupport I found a workaround by just manually selecting it in the predictive text. Is it going to be fixed soon?,@621405 Glad to hear that's working for you. Keep on the lookout for updates to iOS.,performance_crash,2.0
1768836,"@AppleSupport Gee, where do I start? Can no longer use the letter “I️”, the iMessage is supper laggy, phone randomly freezes. Mind you, these issues never happened before ios11",@531803 Here’s what you can do to work around the issue until it’s fixed in a future software update:,performance_crash,
2837161,@AppleSupport Ios ver 11.1.2. I tried with booth wifi and cellular data. All aps cannot be updated and downloaded.,@789658 What happens when you attempt to download new items and update current apps? Are you getting an error message?,apps_app_store,3.0
667812,@AppleSupport I stopped using my Apple Music and now all my iTunes music purchases are gone! From when I the iPhone 3g. Where is my music!,@164995 Our iTunes Store team may be best equipped to assist you with the issue you described. You can reach out to them here: if you have any other questions please reach out to us in DM.,purchases_billing,
1143490,@AppleSupport any idea how to fix this?,@389132 We'd be happy to help out. Have you given these steps a try?,ios_update,
2283106,@AppleSupport And I don’t have the Mac on me at the moment.,@322320 We certainly understand that. Please send us a DM with which country you're in so we can determine our next steps.,apps_app_store,
1541057,@115858 @AppleSupport EYE can’t type the letter that comes after comes after “H” w/o looking like I’m speaking in codes. I️ I️ I️ I️ I️,@477593 We'd love to get this straightened out for you. Send us a DM and we'll take a look.,icloud_photos,
1521232,@AppleSupport hi. Can you help me fix my activity ring of my Apple Watch?,@472851 We'd love to check that out with you. Please send us a DM and we'll work together there.,sim_cellular_network,5.0
766959,"@AppleSupport I received many emails like this one, how to stop these spammers!! 🤔",@303301 Thanks for bringing this to our attention. Check out this article to help report phishing emails:,apple_id_account,6.0
682100,@AppleSupport Thank you for the speedy reply. But it still occurs sometimes. That is better than every time.,@282792 We'd like to look into this with you to see how we can help. Please connect with us in DM here:,apple_id_account,6.0
1588130,Such a wonderful experience with sorting out the issue I had with logging in to my iCloud through Safari. Thank you @AppleSupport !,@454907 Glad we could help! Have a wonderful rest of your day!,apple_id_account,6.0
2725955,@AppleSupport Yes still getting the same pop me to solve this.,@764467 Thanks for that pic. DM us and we'll get you pointed in the right direction.,sim_cellular_network,4.0
2683666,"Hey @AppleSupport how do i disable drag and drop features. I will never use it, it always starts when i rest my finger on something on the screen. I HATE THAT.",@672296 We have the information you need on multitasking here.,performance_crash,3.0
585982,@AppleSupport what the hell is this? My phone has been doing this every 5 minutes since I bought it almost a month ago. I’ve only bought more iCloud storage &amp; set up Apple Pay.. and both of those are working fine.,@258355 We do understand your concerns and we're happy to look into this issue with you. Please DM us the iOS version currently installed and we'll gladly get started sorting this out.,performance_crash,3.0
1623809,@AppleSupport just got an iPhone X. Now whenever I dictate a reply using CarPlay it sends the message to the wrong person! So awkward.,@497379 Hi! Is it hearing the wrong name? Or showing the correct name and sending it to the wrong person? Give us some more details in DM,performance_crash,3.0
2140948,@AppleSupport @118936 @23150 @160959 I️ I️ I️ I️ I️ I️ I️ I️ I️ I️ I️ I️ I️ I️ please help I️ I️ I️ I️ I️,@629576 Here’s what you can do to work around the issue until it’s fixed in a future software update:,battery_charging,2.0
2143986,"Apple, ima need y’all to get your shit together with this letter ‘I’ problem @AppleSupport",@630356 Here’s what you can do to work around the issue until it’s fixed in a future software update:,battery_charging,2.0
1633012,@AppleSupport anytime I get a notification my Spotify music stops playing. Even if I'm in the app... #iOS11 still sucks😒,@499656 We'd like to help! Which version of iOS 11 are you updated to? Are there any updates available for Spotify?,sim_cellular_network,1.0
1949825,@579186 @AppleSupport Yeah the alarm alerts have gone totally bonkers on my phone too.,@579322 Let's get to the bottom of this. Which version of iOS are you on? You can find that in Settings &gt; General &gt; About. Reply in DM.,ios_update,1.0
850441,"@AppleSupport MBP mid2012 9,2 (i7 upgraded to 16GB ram &amp; SSD)","@322045 Try Safe mode. It can help clear the system cache, and you can check for incompatible login items:",ios_update,1.0
500102,"@AppleSupport tell me, am I meant to be using my passcode so much with Face ID I feel like I’ve gone back in time...","@234456 Hey there, we know using Face ID is important &amp; we'd like to help! Is Face ID having trouble with unlocking only? Are you able to use it with other features? Take some time to work through these steps &amp; let us know what you find:",ios_update,1.0
2179480,"@AppleSupport Thanks for the reply, I do appreciate it, but what irks me is the fact that next reboot, it’s back to the same ‘default’ photo. Why cant we just leave things that work fine alone..?","@162456 We completely understand how that would make you feel! It's actually not expected behavior for a standard or administrator user account, however. It should retain your wallpaper in between restarts. We'd like to look into this further. Please DM us to proceed.",ios_update,1.0
847086,iOS 11.0.3 was supposed to fix touch screen problems and it’s made my perfectly ok iPhone device have problems @AppleSupport,@321317 Thanks for reaching out. Please DM us which device is having the issue. We'll start there.,ios_update,1.0
796618,Does @AppleSupport no longer sell the lightning-ethernet adapter?,@309956 Thanks for reaching out. If available you would find that here:,device_settings_features,1.0
1517070,IM MAD @AppleSupport why do y’all keep replacing my I️ with this other stuff?? Please FIX IT ASAP,@471980 Thanks for contacting us. Send us a DM and we'll go from there.,device_settings_features,1.0
36631,@AppleSupport I just sent a dm about an accident on iTunes I need help removing the payment please.,"@123979 This article can help: If you run into issues, reach out to iTunes billing here:",device_settings_features,11.0
388940,@AppleSupport iPhone 6s and yes version 11.0.2.,@208031 Got it. Let's go ahead and move into DM so we can take a look at our options to get this resolved. Use the button below.,ios_update,11.0
1788932,"Hey, @AppleSupport, what are you doing about the fact the update made battery life suck?",@537375 We’d like to see how we can help with this issue. Send us a DM with more details and we'll go from there.,ios_update,11.0
1838233,@AppleSupport Thank you. iPod 6th gen iOS 11.0,@551008 Thanks for that info. DM us &amp; let us know when that music was deleted from your device. We'll continue there.,ios_update,11.0
427835,@AppleSupport I was charged for a subscription that I ended and y’all owe me $15.,@215165 Our iTunes Support team is in the best position to assist and can be contacted from here:,ios_update,11.0
92840,@AppleSupport Is there a function I can change on my iPhone X so my phone automatically goes full screen when I watch a video it’s so annoying having to tap something to get full screen all the time,"@774968 While that feature isn't available, we love feedback and suggestions. Please leave those for us here:",ios_update,1.0
2082339,Why I can’t download any apps from @118936?@AppleSupport,"@175206 Thank you for reaching out to us. Please DM your iOS, iPhone model, and your country so we can determine your support options.",ios_update,1.0
1630178,@AppleSupport This is what happens. I’ve only seen it on Facebook,@388601 Here’s what you can do to work around the issue until it’s fixed in a future software update:,ios_update,1.0
434662,@AppleSupport 11.0.2,@218260 We'd be happy to look into this with you further. DM us and we'll go from there.,ios_update,1.0
1573107,@AppleSupport when y’all gone fix this glitch,"@484900 We'd love to help. For assistance with that, click here: Let us know if you have questions.",ios_update,1.0
1795271,@AppleSupport if I trade in my iPad at the apple store tomorrow will thy give me credit I can use towards an Apple Watch?,@215043 That's a great question! We'd be happy to review some information with you. Let us know in DM which country you're in.,ios_update,1.0
2313546,"@AppleSupport No, this happens no matter what app I’m using and even when I’m not touching the phone. I have turned the phone on and off but the issue continues.",@670882 We'd like to look into this further. Could you Direct Message us and let us know what country you're located in?,ios_update,
2485885,@AppleSupport My tasks/ windows in the background are always shut in order to prevent useless battery usage. Not ready to buy a new iPhone either 🤨,@710086 We'd like to gather some more details. Meet us in DM and we'll continue from there.,ios_update,1.0
1419643,hey @115858 @AppleSupport since when is my charger supposed to catch on fire and melt????,"@284365 Thank you for reaching out. Let us know your country location in a DM, we'd like some details to assist.",battery_charging,2.0
1648387,"@406735 @AppleSupport YES, I HATE IT AND I'M TYPING IN ALL CAPS BECAUSE THIS PRESUMABLY IS A VERY SIMPLE THING TO FIX @APPLESUPPORT @115858 @80933",@503752 Here’s what you can do to work around the issue until it’s fixed in a future software update:,battery_charging,2.0
2435345,".@AppleSupport Headphone Jack is no longer recognizing headphones with iOS 11.1. Have tried multiple pairs, any solution?",@698759 We want to help. Send us a DM letting us know if you have tried re-starting.,battery_charging,2.0
1802980,"@AppleSupport glitch in iOS 11.0.3 Never happened before. The music seek bar doesn’t work nor does it update per second. Tried closing and opening the app &amp; restarted as well, doesn’t work. Please fix",@367938 Thanks for reaching out for help with your Music app. Please meet us in DM and we'll take a closer look into this issue.,battery_charging,2.0
2505105,"You know @AppleSupport this is ridiculous, for weeks I️ haven’t had to deal with the glitch changing the letter “I️” but now suddenly I️ do out of nowhere? Is this some sort of joke?","@714365 An update has been released to assist with this issue. If you haven’t yet, please back up your device and update it to iOS 11.1.1. For more info, check out:",battery_charging,22333.0
1761114,@115858 @AppleSupport When y’all gone fix these bugs 🤦🏾‍♀️,@529992 We'd like to help if you're noticing any issues. DM us some details and we'll work together from there:,performance_crash,3.0
934477,"@AppleSupport @341674 I have the same problem, I have to open the Spotify or Music App to manage musics, I can’t do it by the Control Center anymore","@341673 Which device and version of iOS are you using? Please be sure to restart, using only the side button.",apple_id_account,6.0
584807,@AppleSupport are you kidding me! Y’all fix the “I” problem! And now my “I.t” is trippin 🤨🧐😡😡😡🤬🤬🤬,"@258016 Thank you for reaching out to us. Let’s work together to find the best course of action for this issue. To start, what device model and software version are you using?",icloud_photos,78.0
1508053,Hey @115858 @AppleSupport I don’t think my battery is supposed to go from 100% to 56% in 2 hours. I know my phones old but geez.,@470020 We'd love to help with the battery life. Which iPhone do you have and what's the exact iOS version?,messages_imessage,4.0
2131161,fuck apple and iPhone seriously lost all of my fucking pictures and messages from the last 5 fucking months @115858 @AppleSupport,@627221 That shouldn't have happened. We want to help. Please tell us more in DM.,performance_crash,
1636519,@AppleSupport I️ need an explanation,@500550 Here’s what you can do to work around the issue until it’s fixed in a future software update:,sim_cellular_network,
1078307,@AppleSupport Still none of this works...,@374378 Let's take a closer look. Send us a DM and we can start there.,performance_crash,
481776,@AppleSupport I really despair that the iPhone 7 does this in notifications. ios 11 is wrong,@229511 Thanks for reaching out to us for support. We would love to help you. Please DM us so that we can look into this together.,battery_charging,
1416064,@AppleSupport what’s going on with these question marks??,@449096 We're here for you. Send us a description of what you're seeing in DM along with your OS version.,performance_crash,
2095389,"@AppleSupport Ahh not again iOS 11.0.2 makes my iPhone 5s freeze all time, not able to use phone properly !! Pls fix",@619038 Thanks for reaching out to us. We are always happy to help. Send us a DM so we can look into this together.,sim_cellular_network,
2284084,@AppleSupport It's iPhone 5SE. The battery was good with iOS 10 &amp; also with iOS 11.0.2 but now with 11.1.1 it's the same it drains fast. It a common issue for all the users. There are many articles posted by Forbes also. Hope you know the same. Pls address the issue.,@663765 We know how important battery life is and would love to assist you with yours. Join us in DM here:,performance_crash,
2773165,Y’all best explain why tf I always conveniently get problems with my iPhone when the newest one drops @AppleSupport this shit ain’t no coincidence,@481525 We're happy to assist. Which iOS version are you currently running? Go to Settings &gt; General &gt; About for the version.,apple_id_account,
2774375,@AppleSupport @115858 wtf is that on my X,@775359 Hey there! Do you have a 6 digit passcode set? Join us in DM with more details.,icloud_photos,
1845486,Mac OS X 10.12.6 QuickTime 10.4 cannot play a .MOD video it plays it as a audio file but iMessage can play the video? @AppleSupport,@552828 We'd like to take a closer look at what's going on. Please confirm what type of Mac you're using via DM.,messages_imessage,9.0
514814,@AppleSupport Why are some notifications in newest iOS overflowing their background boxes? Example attached,@238548 Hey Adam! We could definitely see how that would be inconvenient. Does this issue persist after doing a restart of your phone? Which iOS version are you currently running?,battery_charging,
342860,@AppleSupport I have the I phone 7+. It just freezes out of no where and I can’t turn it off and recently it’s been just restarting itself.,@197626 Let's help take a closer look. Please DM us what version of IOS 11 you're using and we can go from there.,battery_charging,
2141024,Fix this I️ I️ I️ I️ I️ I️ I️ I️ I️ I️ I️ I️ I️ I️ I️ I️ I️ I️ I️ I️ I️ I️ I️ I️ I️ I️ I️ I️ I️ I️ I️ I️ I️ I️ I️ I️ I️ I️ I️ @AppleSupport,@629603 Here’s what you can do to work around the issue until it’s fixed in a future software update:,performance_crash,
2364511,Since this new iOS11 my weather widget doesn’t even display the right shit. How do I fix that? @AppleSupport,"@369735 We'll be happy to help with this. To start, can you tell us the exact version of the iOS 11 software you're using? And does the Weather application itself display the correct information?",sim_cellular_network,
195938,@AppleSupport how can I send emails to the trash now instead of the archived option in the Apple Mail App,@162091 That's a great question! Let's look into this together. Could you tell us which Apple device you're currently using?,apps_app_store,
2123904,Finally updated my phone to iOS 11. Instant regret. Thanks @AppleSupport,@625622 That's no way to start out on a new iOS update. We'll be happy to help with what you're experiencing. What has been happening?,apps_app_store,
2924687,"@AppleSupport Battery draining, gets stuck in landscape view, apps take 5-10 seconds to load(including recent calls, voicemail), some apps not compatible, auto dimming won’t turn off, flashlight doesn’t work at low battery percentage",@809272 Thank you for those details. Which version of iOS 11 are you currently using? Let us know in DM.,apple_id_account,
2834452,@AppleSupport battery life has been terrible since iOS 11 on my 6s plus. Any fix can you guys recommend?,@789029 Let’s team up to get this situation with your iPhone 6s Plus addressed. Which exact version of iOS 11 are you currently using? Does the battery appear to drain more quickly while using certain apps? Let us know via a DM. We’ll keep moving from there.,icloud_photos,
712509,"Dear @AppleSupport, for the 2nd time in 10 Days all my photos have disappeared except for 12 from 3 years ago.",@290396 Let's look into this together. Could you tell us which iPhone and iOS version you're using?,performance_crash,
2633080,@AppleSupport I need help but it seems I can't get anywhere with support.,@219220 We're happy to help. Let us know how we can assist.,battery_charging,3.0
2508188,@AppleSupport Well they said go to the store they will help you let’s find out if they give me a new phone I will bring back all the iPhones I bought my family for Xmas and go back to google and get pixels for the fam no service what’s so ever from apple support thanks guys,@715060 Let us now the results either way in Direct Message. We'd like to look into this with you.,sim_cellular_network,
1633478,Can not get any solution with #Apple chat on keep hanging #iPhone 5S after upgrading in iOS 11..😔 @AppleSupport @120640,@324704 We'd like to help with this. Send us a DM and we'll continue from there.,apps_app_store,
1920077,MON CLAVIER LAG A MORT @AppleSupport je vais peter un câble 😤,@571614 We offer support via Twitter in English. Contact us for help in your preferred language here:,apple_id_account,
2039833,Thanks for ruining my brand new phone @AppleSupport!! #iOS11 left me w/ a crashing phone that barely stays charged. #PlannedObsolescence,"@603127 Thanks for bringing this to our attention, Lucy. Congrats on the new phone! DM us and tell us which one you have. We can help.",icloud_photos,
87017,@AppleSupport My iPhone is currently running on iOS 11.1.2,@135041 OK. Let's continue in DM.,messages_imessage,
676798,@AppleSupport Cómo hago para que mi app de @12762 suene incluso si mi iPhone está en silencio o en no molestar 🌙? Gracias. 😀,@281448 We offer support via Twitter in English. Get help in Spanish here: or join,battery_charging,
797587,@AppleSupport Since the new update my settings have been changing (back lighting changes by itself. Goes to do not disturb).,@310154 We want to help. Can you tell us which version of iOS 11 you have?,performance_crash,
939219,@AppleSupport ever since I updated my iPhone to iOS 11 all my apps are running slow &amp; take long to open. My phone constantly freezes and this never happened before the update!!! Just terrible can you fix the bugs ASAP!!!!!!!!!,@342642 Let's figure out why this is happening together. Send us a DM including the exact iOS version installed. This can be found under Settings &gt; General &gt; About. We'll continue there.,ios_update,
747794,So I have to be online or keep the app open to receive messages. I hope @AppleSupport or Whatsapp fixes it.,@298757 We want to take a look to see if we can help out. DM us which device you're using and the iOS version it's running.,performance_crash,
778952,@AppleSupport updated my iphone 5s to ios 11.02.. Random touch occurs very frequently. Reset doesn't help me either.,@306025 Let's take a closer look at this together. Please reach out to us via DM and we can go from there.,sim_cellular_network,
2041242,Uh @115858 @AppleSupport there might be something wrong with this #macbook #air from 2011.. battery?,"@603540 We'd be happy to look this over with you. Please meet us in DM so we may gather information, and better assist.",battery_charging,2.0
365679,"@AppleSupport Hi, Battery drains super fast,Animation lags,Doesn't keep apps on memory as before. Expecting a fix ASAP","@202621 We're here to help out. Does it happen with all apps, or just a few in particular? Tell us more in DM.",battery_charging,2.0
1658294,@AppleSupport I can’t open my messages app on iPhone X iOS 11.1 please help,@502579 Hi there. We have your DM and will be responding there to help. Thank you.,battery_charging,2.0
554071,@AppleSupport trying to figure out how to turn on applepay cash with this 11.2 update???,"@249276 We're excited to use this as well. Apple Pay Cash was included in the iOS 11.2 update, but is not yet active for new users. Let us know if you have any other questions.",battery_charging,2.0
1467521,@AppleSupport Is there a way to force iCloud Drive to sync on Mac? I signed into iCloud &amp; no files show up. Files are on all other iDevices.,@460636 We can definitely look into this with you. Check out the steps outlined here:,battery_charging,22.0
1503047,@AppleSupport if i restore my phone from a old backup. Will all the new things on my phone be deleted? Like my messages and pictures?,@468857 We’d like to see how we can help. Can you DM us some more details about the issue you're having?,battery_charging,2.0
1720797,@AppleSupport Why do I keep seeing boxes with question marks in them when I have already updated to the newest iOS?,@520796 We'd love to help. Send us a DM including which iOS version you're using and we'll continue together from there.,battery_charging,2.0
1296682,@AppleSupport My phone doesn't like to load any app data or anything when on WiFi. Only on cellular. Restored and tried multiple networks,@196914 We'd like to understand this concern more clearly. Is Wi-Fi not working to stop cellular data usage when you're connected to Wi-Fi?,battery_charging,3.0
1595010,@490099 wtf @AppleSupport get it together,@490098 We'd love to help you with this. Let's follow the steps here:,performance_crash,
382439,@115858 WHY IS THIS HAPPENING!!! @AppleSupport,@206663 Here’s what you can do to work around the issue until it’s fixed in a future software update:,performance_crash,3.0
1443126,"@AppleSupport Already went through this - battery life was perfect until latest update. The problem with the battery draining fast was definitely caused by the latest update. Went through settings multiple times, settings are set the same as before the latest update",@454859 Got it. Reach out to us in DM and let us know when you completed the 11.1.2 update please.,performance_crash,3.0
718096,"@AppleSupport I was billed on Friday for a game I play, despite not spending money that day. I contacted them but no reply yet.",@291953 Thanks for checking in! Please send a DM with the app name and your iPhone model. We'll see you there!,performance_crash,33.0
1711285,@AppleSupport Any way of knowing when my local Apple store will have more iPhone X's?,@518394 We want to help you. Reach out to our team that can assist you with purchasing your iPhone:,performance_crash,3.0
1336268,@AppleSupport Tried both of your support methods last night - poor planning that they were both unavailable during iPhone X sales launch when needed.,@431719 We appreciate your patience. The excitement surrounding iPhone X has created high demand for our Online Store Support team.,performance_crash,3.0
995568,"@AppleSupport iPhone 8 on latest IOS, screen auto lock doesn’t work","@314193 If you go to Settings &gt; Display &amp; Brightness, what is Auto-Lock set to?",performance_crash,
1543530,@478158 @AppleSupport It’s happening to me too and I’m actually about to lose my mind I️ I️ I️ I️ I️ I️ I️ I️ I️,@478157 We're here to help. Check out our article here: DM us any other questions.,performance_crash,2.0
944338,"@AppleSupport @343916 I was thinking about the same thing, IPhone 6a and iOS 11.0.3.. battery &amp; heating is the issue",@343915 We'd like to help. DM us and we can take a closer look at your issues.,device_settings_features,1.0
2894743,"@AppleSupport It happens regardless of devices being attached. It happens across all the of the apps I'm running: Mail, Preview, Chrome, Word, Excel. It happens even if only one app is running.",@802221 Do you have any apps that launch when you start up the Mac? Have you noticed this since day one of the High Sierra upgrade or has it occurred more recently?,ios_update,21.0
1194558,@AppleSupport It does it with every app. And yes it’s up to date with the software.,@400686 Let's take a look at this further for you. Reach out to us in DM.,battery_charging,2.0
824750,I wish I know how iOS 11 drains my #iPhone7 battery so fast! @115858 @AppleSupport #iOS11 #iphonebattery #iPhone8 #iPhone #iOS,@316424 We'd like to help. Are you experiencing this issue on the latest version of iOS 11.0.3?,battery_charging,
1434363,@AppleSupport Hello! I’m listening to @115888 and the music controls at the control center are not working. Why?,"@344778 Thanks for reaching out, we'd love to help. What iOS version are you on? You can check by navigating to Settings &gt; General &gt; About.",performance_crash,3.0
1081514,@AppleSupport Yes twitter etc all work fine,"@375122 Since this happened, have you restarted the iPhone? A fresh start can fix most issues.",performance_crash,33.0
1222384,@AppleSupport I did a network reset to try and connect but appears a Message saying not able to connect to network ....,@406832 Which iOS version is currently installed? DM us your answer and we'll take a look into this together.,apps_app_store,5.0
1976185,.@115858 really does get worse on usability in a big way. we're having the same issue and nothing helps @applesupport,"@585213 We'd like to look into this with you. Please DM us and let us know exactly what's going on, including any steps you've tried.",apps_app_store,
1573652,Hey @AppleSupport if you could fix this whole I️ autocorrect situation that’d be great,@485019 Thanks for reaching out. This article can help:,apps_app_store,6.0
2424371,@AppleSupport someone owe me money or a new phone that is not going to crash everytime a new phone hits the market. Its been going on for too damn long and is unacceptable... FIX IT NOW⚠️,"@696217 Let's work together on a solution for your iPhone's performance. To start, DM us with the model iPhone you're using, exact iOS version (Found by going to Settings &gt; General &gt; About), and the country where you're located.",apple_id_account,5.0
2779357,@AppleSupport why are you guys allowing an app to charge me I canceled the subscription in my phone already two weeks ago. And now I can’t download any apps,@117504 Thanks for reaching out. We received your DM and we'll continue from there.,apps_app_store,44.0
376031,Phone keeps dying fast 🙂 @AppleSupport,@205193 We want to help. Which iOS version is your device running? We want to make sure that you're running the latest version.,performance_crash,3.0
233933,"@AppleSupport Yes from the control center. From yesterday i have observed if i keep my phone locked for some time and unlock it, wifi is on automatically",@171699 This is expected in iOS 11. You can read more about Wi-Fi in Control Center with iOS 11 here:,performance_crash,3.0
2743023,I must say @AppleSupport latest update is poor. Correcting spelling that is already correct. Putting capital letters in. Changing languages ie hôtel not hotel. Woeful. Just woeful.,@768329 Let's see what we can do to get this resolved. Which device are you experiencing this on? Reply in DM to get started.,performance_crash,4.0
1850916,@AppleSupport I’m using an iPad. I’m on iOS 11.0.3,@554062 Thanks for that information. Have you tried any troubleshooting steps so far? Let us know in DM. We'll meet you there.,sim_cellular_network,545.0
286211,Getting distorted outgoing Voice msg quality w the last update to #iPhone &amp; #WhatsApp @4305 @AppleSupport Bluetooth is off but sounds on,@184189 Let's team up to figure out the best path forward. Reach out via DM and we'll take a look.,apps_app_store,5.0
1327377,@AppleSupport there is a problem that kept showing on my MacBook pro and my iphone6s is that when i play a music it will turn off and on many time by it self also in my mac the iTunes open himself I don’t know how 🤦🏻‍♀️,@429695 We would like to help. Join us in DM with additional details to get started:,apps_app_store,5.0
2002392,@115858 @AppleSupport what’s up with the capital “I️”. And my screen freezing with simple commands?? That @122986 pixel 2 lookin real nice.,@592100 We'd love to assist you with this. Click here to connect with us in DM and tell us which device and software version you have:,apps_app_store,6.0
1338070,@115858 @AppleSupport I have had to buy and return 5 pairs of airpods because of bad manufacture defects in the housing of the airpods.,"@432101 We got your DM, and we will respond to you there.",apple_id_account,
320674,@AppleSupport Just installed iOS 11.0.2 on my iPhone 6 and the photo app still refuses to edit the photos immediately. PLEASE FIX THIS BUG!!,@192404 We've received your DM. Please look for our reply there.,apps_app_store,5.0
2304013,Why do I STILL see those question marks? I updated my phone @AppleSupport,@668524 Thanks for reaching out. We're here to help. DM us so we can look into this further with you.,apps_app_store,
2287419,@AppleSupport 😩😩 so iPhone 7 will never have it,"@664594 At this time, it's only an option on the iPhone 8 Plus and iPhone X. We always welcome your feedback about our products here:",apps_app_store,5.0
267782,@AppleSupport where is the apps folder on the new iTunes? I can’t find my apps,@179850 Your apps can now be found and redownloaded on your iOS device. Take a look at this:,apps_app_store,5.0
150032,So apparently blue tooth doesn’t work on the iPhone X @AppleSupport. Maybe I should’ve stuck with Samsung.,"@150208 Try out the steps in the following article for your Bluetooth: If you're still having issues, let us know via DM. We're here to help and make sure your able to connect your device when needed.",apps_app_store,5.0
1089276,@AppleSupport hi i dgraded my icloud plan from 50GB to free. I’m not sure if it was processed. How do i check it?,@376977 This can help If you have any additional questions please send us a DM.,apps_app_store,6.0
2817201,"@AppleSupport Today, all of a sudden, no apps can play sound. My music ring tone works tho! I’ve restarted several times and I have the latest iOS. This is an iPhone 6. Please help. (I have tried all the obvious stuff)","@604499 Thanks so much for reaching out to us this evening. We understand your concern with this issue, and would be happy to look into what's going on. To start, reach out to us in DM using the link below, and we'll continue from there.",device_settings_features,7.0
1141642,@AppleSupport Thanks again but still no joy - just tried a music CD same issue - 1st time since Sierra installed - I think others have same problem :(,"@388728 Thanks for trying. Let us look into other possible options for a resolution. Meet us in a DM, we'll continue there.",sim_cellular_network,3.0
1995486,"@AppleSupport .@AppleSupport The response from ur tech staff ""you're better off calling the #sydney store direct because we don't know."" Just pathetic.","@590066 That's not how we want you to feel &amp; while the store may be your best option for answer, we'll help any way we can. Please DM us.",other_unclear,3.0
1152819,@AppleSupport USA,@391269 Thanks for that. Let's look closer into this situation. Join us in DM with additional details:,battery_charging,2.0
1449223,"@115858 @applesupport unable to send videos to non-iPhone users, huge problem. Please fix this asap! Have called support, no help.","@456287 We’d love to help. To start, send us a DM with which device and software version you’re using.",battery_charging,2.0
1013789,I made it. 42nd #MarineCorpsMarathon Mission Accomplished 4:59:20 btw @AppleSupport your @NikeSupport Watch &amp; app crashed 3 times no record,@359878 That's unexpected. Let us help. Tell us more about this via DM.,battery_charging,2.0
352850,"@AppleSupport many bugs in 11.0.1 ; When msg button clicks on a contact,its not appearing screen “ to send message”","@199892 We'll be happy to help out. If you haven't yet done so, we'd suggest restarting your device:",messages_imessage,2.0
208297,@AppleSupport Yes. I’ve also toggled iMessage off and back on.,@165263 Send us a DM and let us know what version of iOS you are running and we'll do everything we can to help you out.,messages_imessage,2.0
1436732,"@AppleSupport When I open my safari it starts with a blanc page, I want it to start with my favorites again... How do I do this? Thanks",@453535 We're here to help. DM us your exact OS version and we can take a look at this for you.,sim_cellular_network,5.0
2619937,@AppleSupport I purchase something wrongly and i want to refund it how can i do that ?,@682308 We're here to help. You may be able to get this taken care of here:,purchases_billing,5.0
2369420,"@683805 @AppleSupport @115858 No. I've uninstalled all apps that weren't ready for iOS11 (v 11.1.1), I've rebooted the phone several times, still no joy. It must be a bug when recovering installation from another phone. Perhaps better to reinstall from scratch?!",@299962 Let's take a closer look into this. Meet us in DM and we'll continue there.,performance_crash,3.0
2081805,@AppleSupport Now it’s 62%. Everything worked just fine with watch OS 3! I like some of the new features of 4 but this bug is terrible.,@615656 We understand how important your battery life is. We can definitely look into this with you. Go ahead and meet us in DM.,apps_app_store,5.0
1478040,I️ updated my ios11 and every time eye type I️ it turns into a question mark? Fix this shit @AppleSupport,@463202 Let's take a look together. DM us and we'll follow up with you there afterwards.,device_settings_features,
1707734,@AppleSupport It’s not happening with any specific apps. It happens all the time. Connected to WiFi. No connected to WiFi. Home. Public. Wherever I am!,@517508 Thanks for the additional details. We'd like to continue looking into this with you. Send us a DM and we'll go from there.,sim_cellular_network,4.0
2440818,"But now, I can't seem to do that any more. It seems that either I restrict app installation or I don't: you have removed the distinction between free downloads and not-free downloads???? THIS IS REALLY INCONVENIENT. @AppleSupport",@649139 We received your DM and will continue there.,sim_cellular_network,4.0
1558812,Okay the question mark still comes out lol wtf @AppleSupport,"@481746 Thanks for contacting us, we're here for you. Please follow the steps in this support article:",performance_crash,3.0
1931373,Has anyone else’s @115858 watch screen popped off? Mine sprung across the room for no reason and is completely useless now. @AppleSupport,"@574742 We want you to enjoy your Apple Watch; we'll do all we can to help. To get started, connect with us in DM here:",performance_crash,
407077,@AppleSupport fuck ur update! my iphone 6 feels like a 6 year old phone now! thanks to ur ios update :) moneymaker,@212025 We want you to experience the performance you expect from your iPhone. Select the following link to join us in a DM.,performance_crash,3.0
2726866,Why does every time I️ day I️ it looks all weird? @AppleSupport I️ I️ I️,"@764677 We can help clear things up for you. Just to get started, which version of iOS are you using? You can check that at Settings &gt; General &gt; About.",performance_crash,
2093887,"@AppleSupport just received my iPhoneX, my photos aren’t transferring from old to new device. HELP! I have iCloud photo stream on. Only 159 pictures out of over 22,000 transferred.",@284432 We'd love to help you get your photos on your new iPhone X. Let's meet up in DM and discuss it.,performance_crash,3.0
2279225,"Bro do another update, I can barely switch between apps @AppleSupport","@662661 We’d love to help. To start, please send us a DM with more details on the behavior you’re experiencing.",apps_app_store,
2690813,"@AppleSupport iPhone 6, 11.1.2, last night around 12am and I did uninstall it and re install it and it still doesn’t work","@756458 To clarify the issue, are you meaning the Music app isn't opening? If so, what happens when you try to open it? Have you tried to restart your iPhone?",apple_id_account,
2013358,I️ 👈 is so annoying!!!! @AppleSupport please fix this!!!,@595334 Thanks for reaching out. We have a workaround for this here: DM us if you still need help.,icloud_photos,
563069,@AppleSupport I’ve got shit to do. I can’t call you guys every single time you run another buggy update. This is unacceptable.,@251809 Let's work together in DM. We'll assist you there.,messages_imessage,9.0
2858333,@applesupport iPhone@6s still unbearably slow after iOS 11.1 and 11.1.2 super laggggy.when is it going to be fixed?!,@794346 We can help! Would you mind please joining us in DM? We'd like to start troubleshooting.,sim_cellular_network,3.0
556072,@AppleSupport Very clever. But did we really need it? Why clutter the home screen needlessly? I really don’t see the need for it. Do you?,"@249895 You can submit feedback about the things that matter to you on our feedback page: We may not reach out to you about your feedback, but our engineers and developers read the messages they receive.",performance_crash,
2549905,@AppleSupport LIKE ACTUALLY WHAT IS THIS!,@724471 Our Apple ID team will be glad to partner with you on this. Reach out to them:,apps_app_store,6.0
2284833,@AppleSupport make this glitch stop pls,"@663960 We'll be happy to help. iOS 11.1.1 was recently released and it includes a fix for autocorrect issue. Be sure to back up your device prior to updating, and let us know if the issue persists afterwards. How to back up:",icloud_photos,7.0
1151823,Hello @AppleSupport take a look at this email please.,@391055 We're here to help! This appears to be a phishing attempt. Here's how to handle it:,icloud_photos,
1033272,@AppleSupport other than quitting Safari. Have you got any good ideas about dealing with these?,@364467 We'd recommend trying the steps here:,apps_app_store,4.0
2510950,@AppleSupport Yes. I’ve done it already,@254582 We'd like to help you further on this. Please meet us in DM using this link:,performance_crash,3.0
1583045,@115858 @AppleSupport why can you no longer see the battery percentage on the iPhone X?,"@359349 Great question. We can help! Now, you can swipe down from the top right to reveal the battery percentage on your iPhone X.",apps_app_store,6.0
1778449,Anyone else having issues uploading Instagram videos with the #iPhoneX - mine are getting distorted @AppleSupport,"@534344 We'd like to see how we can help. DM us with the iOS version on your iPhone X, and we'll get started.",icloud_photos,7.0
1804616,.@AppleSupport iPhone update sucks! Message notifications don’t show on locked screen. Trouble reading incoming messages when in message 😡,@542224 No worries! You've come to the right place for help. Send us a DM and we'll look into this further with you.,apps_app_store,4.0
2018466,Hey @AppleSupport i️ would love to use the first person singular pronoun to refer to myself again... without a question mark and a box A.,@596934 We'd love to help. Send us a DM with your iPhone model and iOS version you're running. We'll go from there.,sim_cellular_network,4.0
51692,@AppleSupport my phone is updated so WHY AM I️ SEEING BOXES??,@127611 Hi. We are here to help. Can you please give us some specifics of what is occurring on your device?,apple_id_account,7.0
1053680,@AppleSupport App Store not downloading apps using iOS 11.0.3 on 2017 iPad. Works fine on my 6s with iOS 10.3.3,@368970 We'd like to help. If you are having issues downloading apps take a look at the following link:,icloud_photos,5.0
96921,@AppleSupport I trained to get a medal. Can not calculate the activity app 😬 itself was an average of 47.2,"@137154 We'd be happy to look into this with you and figure out what happened. Which version of watchOS are you running? You can check this in the Apple Watch app, under General &gt; About. Also, which iOS version is your phone running in Settings &gt; General &gt; About &gt; Version?",sim_cellular_network,5.0
1566055,Pls help @AppleSupport it only happens in my group chats and happens to my friends too,"@483415 Just to make sure we're clear, these messages show as undelivered, but all your recipients say they are getting them?",apple_id_account,4.0
2004360,@AppleSupport heavy Battery drain on iOS 11.1 on a iPhone 7. Worst than 11.0.3... why don’t you solve this??,"@592714 We'd be happy to look this over with you. Please meet us in DM so we may gather information, and better assist.",sim_cellular_network,4.0
2675397,@AppleSupport Every time I️ use the letter “ i “ it pops up,@630384 Great! Let us know in DM if that persists after updating.,sim_cellular_network,4.0
2014234,@AppleSupport why do your support staff keep saying repair when under uk consumer law you’re obliged to replace or refund in first month,@595592 Please send us a DM. Let us know which device you're using and exact issues you're facing. We'll communicate there:,apps_app_store,5.0
2050438,Error 11.0.2. @115858 @AppleSupport 🙄,@606368 We'd like to gather some more information for better troubleshooting. Can you DM us the country you are located in?,apps_app_store,4.0
2123183,"@AppleSupport, I didn’t sign up for localized album covers, how do I disable this crap? iPhone language: English (U.K.) Region: United Kingdom Yes, my payment country is Russia.","@625453 We'd love to look into this a bit further with you. Is this happening with multiple songs, or just this one? Let us know in DM:",sim_cellular_network,5.0
751744,My iPhone has basically been redundant since doing the new iOS update! What’s going on @AppleSupport ?,"@299674 We just released iOS 11.0.3. Try backing up and updating, and let us know if it helps.",apple_id_account,54.0
613015,"@AppleSupport I’m only seeing this bug over social media instead of messages/autocorrect. not sure if it’s from iPhone or Android users, but it did not resolve with the update.",@733734 Are you seeing this issue when you send a message or when reading messages? Let us know in DM; we'll continue from there.,sim_cellular_network,
656279,@AppleSupport wassup man I️ tried to update my MacBook an my shit crashed 🤦🏽‍♂️,@276135 We can help! Let us know what you currently see on screen &amp; we'll go from there.,apps_app_store,
1857314,RIP my battery @AppleSupport,@555428 We can help with battery life. Could you Direct Message us and let us know what device you're using?,performance_crash,
698257,"@AppleSupport Nope it isn't clicked,it happens when I watch a video and when u turn the phone normal it stays fully open...",@286573 Shoot us a DM and we'll look into this a bit further.,sim_cellular_network,5.0
1405460,@AppleSupport It said Finnish is not supported lol,@698530 Learn about the languages Siri currently translates here: Leave any feedback:,apps_app_store,5.0
2518282,@AppleSupport hello i just updated my phone to the newest update and it’s not letting me call ANYONE and i really need to talk to my mom so if u could fix this that would be great,@717339 We're happy to assist. Which iOS 11 version are you currently running? Go to Settings &gt; General &gt; About for the version. What happens when you attempt to make a call? Are you able to receive calls?,sim_cellular_network,3.0
805630,@AppleSupport Charged all the way to 100% last night. Somehow already at 68%. No apps opened.,@311972 Let's take things to DM from here so we can dig a bit deeper into this.,sim_cellular_network,
992359,@AppleSupport How can I revert back to ISO 10 please? 😑,"@355058 We'd be happy to look into these issues with you! Send us a DM, and we'll continue from there.",apple_id_account,6.0
312188,"Swollen Battery on 1st Gen Apple Watch, Screen Dislodged, Apple Support Chat denies Warranty Extension #confused @AppleSupport",@190555 We'd like to gather some additional information regarding your exchange. Please meet us in DM to proceed.,sim_cellular_network,
1753154,Hey @AppleSupport I’m sick of this damn A ? Stuff. Fix it,@528098 Here’s what you can do to work around the issue until it’s fixed in a future software update:,sim_cellular_network,5.0
2806662,@AppleSupport my location services is stuck on requesting data why won’t it shut off,@782788 Hey there. Can you send us a DM and tell us where you're seeing that it is requesting data? Is this in an app? We'll meet you there to help out.,apple_id_account,6.0
690402,@AppleSupport @115858 iOS 11.0.3 Problems Problems Problems!📱7 Plus crap after update!Provide fix! Crash&amp;drain bugs to use phone normally.,@284981 Having a reliable iPhone is important! Let us know exactly how the phone crashes in DM. We’ll help you from there.,apple_id_account,
657226,Anyone else’s phone now buggered cause of the last @AppleSupport iOS download?,@276441 We'd be happy to look into your issues with you. Send us a DM and let us know what's going on.,sim_cellular_network,4.0
253485,Can’t save pictures sent in @4305 to my camera roll (iPhone). Is this a bug with the iOS11? @AppleSupport,@176257 Thanks for contacting us. We'd like to help out the best we can. Does this happen with any other apps?,apps_app_store,5.0
1762221,"@AppleSupport for the love of god, can we get an update for this “I️” nonsense?",@530234 Here’s what you can do to work around the issue until it’s fixed in a future software update:,sim_cellular_network,
184514,"@AppleSupport So still, why the need for cc when you first set up an ID.","@159430 Whether or not you are able to see the payment option of ""None"" is determined by the steps you take when setting up your Apple ID for the first time. This article will provide you with additional information:",sim_cellular_network,4.0
1546812,"@AppleSupport No, I don’t even see that option. Sometimes it sets itself to less than 10% or more than 90%.","@478970 Is it turned off or on if you using the steps under 'About brightness levels' here: Have you tried any steps so far, and which iOS 11 version is installed?",apps_app_store,
927636,@AppleSupport I had low power mode on 😂😂😂 sorry,"@340092 Just to be clear, all 800 photos are back on your device, correct?",sim_cellular_network,4.0
2496361,HELPPPPPPP @AppleSupport,@712420 That's not expected behavior. Let's figure this out. Which iOS version are you running in Settings &gt; General &gt; About &gt; Version,apps_app_store,5.0
1983786,Every single update the volume/ringer interface is supposedly fixed. Still waiting for it ... @115858 @AppleSupport,"@394934 Meet us in DM, then we can take a look at this with you and get your iPhone back to your expectations.",sim_cellular_network,44.0
2841991,@AppleSupport Y’all going to refund me for all the days my Apple Music hasn’t worked?! I’m going to have to drive home listening to the RADIO 😭,@790747 We'd like to look into why your Apple Music is not working. We want you to be able to drive home listening to your tunes. DM us what exactly is going on with your Apple Music. Are you getting any error messages?,sim_cellular_network,4.0
1560015,@AppleSupport This was not helpful in the slightest bit. Thanks for trying to help. This new update is what’s causing the glitch,@482037 We'd like to look into this further with you. Send us a DM by clicking on the link below. We'll continue there.,sim_cellular_network,4.0
1692538,@AppleSupport Et que si je m’éloigne de ma box au bout de 3m c’est le no man’s land ? (Genre la je suis dans la pièce à côté mais en 4g pour écrire),@513694 We offer support via Twitter in English. Contact us for help in your preferred language here:,apps_app_store,
1080466,"@AppleSupport Just a few contacts, not all. I get the red exclamation point. Tried all fixes from link and still nothing. Connectivity is fine as well.","@374881 What type of messages are these? SMS/MMS? And if you restart the iPhone, are you able to send the messages?",apps_app_store,
1065820,Hey @AppleSupport my phone alarm didn’t make a sound for a full hour why are you trying to ruin my life,@371641 We understand depending on our alarms and we want to help. Click the DM link and let us know the exact iOS version to begin.,apps_app_store,56.0
2145640,Hey @AppleSupport! Fix your glitch with the letter that comes after “h”!,@630772 Here’s what you can do to work around the issue until it’s fixed in a future software update:,apps_app_store,4.0
2035102,"Worst #customerservice ever @applesupport - Up to 4th Senior Advisor - no follow up, no call back, no resolution, now a hangup @116333",@601678 We always want the best support experience for our customers. Could you Direct Message us so we can get more information?,other_unclear,Customer-service escalation/complaint rather than a technical calling issue.
311509,"My iPhone 7 doesnthave an ""auto call answering"" option but I sick of it auto answering after few rings. How do I stop it?😡😡💚💚 @AppleSupport",@125404 We'd like to help. Does restarting your iPhone have an impact on the issue? Are you using the phone when it does this?,calls,
273123,@AppleSupport IOS 11.1 UI is broken:Try making a call &amp; at the same time access any other app. The screen splits into 2 &amp; one half its black,"@181230 We'd like to help look into this. To confirm, are you using iOS 11.0.1 or iOS 11.1 beta?",calls,Call-related technical issue.
188639,@AppleSupport I have to restart my phone every single time I want to make a call because the new update messed up with the handset!!!! FIX THIS BUG,@207559 We'd like to know more. Do you have to restart your iPhone when you try to use an app or is it only a phone call?,calls,Call-related technical issue.
386734,@AppleSupport Just the phone call,@207559 Would you please join us in DM? We'd like to understand a bit more about what happens when you receive a phone call.,calls,
2723667,@AppleSupport I purchased extra storage but it's not reflecting. Can you help,@764010 We'd be happy to help. DM us what you're seeing available for iCloud storage and how much you purchased to get started.,purchases_billing,
2493140,Hi @AppleSupport how can I access audiobooks not purchased on iTunes but in the #audiobooks section of my #iTunes library on my #iPhone?,"@711720 We want to help you with Audiobooks. Are these currently in your iTunes library, on your computer?",purchases_billing,
2493135,"@AppleSupport I was expecting them to sync, either via iTunes Match or on iBooks. Ones purchases through iTunes seem to appear in ibooks but others don't","@711720 OK, have you already tried to sync your audiobooks using iTunes on your computer? Check this out:",purchases_billing,
1434221,@AppleSupport They were all purchased from iTunes,@452993 Got it! We'd like to have you check out to redownload your purchases. Keep us posted on how it goes.,purchases_billing,
1423459,@AppleSupport are there any changes or issues with payment service? My method keeps being rejected. It worked perfectly fine a week ago.,@450786 Thanks for reaching out. There hasn't been any changes. We recommend the steps here: Keep us posted.,purchases_billing,
989638,"@AppleSupport the text reactions aren't working in iMessage. also when I FacetTme from my MacBook, the person I'm talking to can't see me",@354437 We can help with both issues. What happens when trying to use reactions? Does this affect multiple contacts?,messages_imessage,
989636,"@AppleSupport when I click on a message, the options do not appear on touch bar. And yes the FaceTime doesn't work for any contact","@354437 Have you been able to restart computer? If so, let's perform an SMC reset and then try:",messages_imessage,
981949,@AppleSupport Would love to be able to delete a group of texts messages at the same time. It shouldn't be that difficult!,"@352820 We can help. Are you trying to delete multiple message threads? If so, tell us the device you’re using, and we’ll go from there.",messages_imessage,
326660,@AppleSupport Nope. Just the exclamation mark saying not delivered. Only to android phones. iMessage works perfect,"@193837 If you go to Settings &gt; General &gt; About, and scroll to Version, are you running iOS 11.0 or 11.0.1?",messages_imessage,
187457,@AppleSupport the new update sucks. Do I need my cellular data on to send texts to non iPhone friends?,@159990 Messages to friends not using iPhones are sent through your cellular carrier via SMS/MMS. Here's more:,messages_imessage,
333090,Hello @AppleSupport is there a bug for this #iOS11 ? Toggle from airplane mode turns on WiFi and Bluetooth,@195337 Thanks for reaching out. Please DM us which device is having the issue. We'll start there,device_settings_features,
1824652,@AppleSupport #iOS11 bug when playing audio with bluetooth (music or spotify app): music sometimes stops for a split second :-(,@547751 We'd like to learn a bit more about the behavior you're experiencing. Is the delay when a connection is established?,device_settings_features,
237547,"Why does my wifi &amp; bt still turned on even i turned em off in control center, it drains my batt ios11.1 @AppleSupport","@172561 Great question! To disable Wi-Fi and Bluetooth, you must visit Settings. Learn more here:",device_settings_features,
1795269,"Extremely unimpressed @AppleSupport! Installed #macOSHighSierra &amp; now my #iMac's #bluetooth #keyboard isn't connected, how do I then log in?","@71966 Let's work on this together. Please turn off the keyboard, then turn it back on: Does that resolve it?",device_settings_features,
711075,"@AppleSupport Yep, immediately to the right of the WiFi icon. Spins continuously unless the phone is locked.",@290057 Let's rule out some possible causes. Does it happen if you disable Background App Refresh?,device_settings_features,
