customer_tweet_id,customer_text,intent,prediction,correct
1773221,@AppleSupport Screen typing on its own either a malfunction or i have ghost,performance_crash,performance_crash,True
2285946,@AppleSupport iOS 11.1.1 version.. and restarting the phone or stocks app doesn't help with any changes,ios_update,performance_crash,False
2369395,"@AppleSupport No, I only get this issue when I receive messages. I’m using the iPhone 8 Plus",performance_crash,messages_imessage,False
766951,"@AppleSupport No. It just flashes at the top of the screen like it’s going to play, but nothing happens.",device_settings_features,performance_crash,False
2367804,"@AppleSupport It reads ""watchOS 3.2.2 - Your software is up to date.""",apps_app_store,performance_crash,False
501470,"@AppleSupport Hi, thanks! I’m running 11.1.1",icloud_photos,performance_crash,False
1467463,"@460619 @AppleSupport Guys that’s true, i did update to ios11.1 on my 7+ &amp; the battery is the worst 🤨🤯 What’s going on",messages_imessage,ios_update,False
1492839,"@AppleSupport o IOS11 tá dando problema com o Wi-Fi e não conecta, em todos os Androids aqui de casa funciona internet, no meu cel não 🙄",purchases_billing,device_settings_features,False
2557328,@726036 @115858 @AppleSupport My iPhone 7+ runs out of charge so quick it’s unbelievable,other_unclear,performance_crash,False
484495,@AppleSupport,other_unclear,performance_crash,False
711656,"@AppleSupport Yes, but do Dolby Vision films *also* support my HDR10 TV, or are the formats mutually exclusive?",other_unclear,device_settings_features,False
2105223,@AppleSupport I found a workaround by just manually selecting it in the predictive text. Is it going to be fixed soon?,performance_crash,performance_crash,True
1768836,"@AppleSupport Gee, where do I start? Can no longer use the letter “I️”, the iMessage is supper laggy, phone randomly freezes. Mind you, these issues never happened before ios11",performance_crash,performance_crash,True
2837161,@AppleSupport Ios ver 11.1.2. I tried with booth wifi and cellular data. All aps cannot be updated and downloaded.,apps_app_store,device_settings_features,False
667812,@AppleSupport I stopped using my Apple Music and now all my iTunes music purchases are gone! From when I the iPhone 3g. Where is my music!,purchases_billing,purchases_billing,True
1143490,@AppleSupport any idea how to fix this?,ios_update,performance_crash,False
2283106,@AppleSupport And I don’t have the Mac on me at the moment.,apps_app_store,performance_crash,False
1541057,@115858 @AppleSupport EYE can’t type the letter that comes after comes after “H” w/o looking like I’m speaking in codes. I️ I️ I️ I️ I️,icloud_photos,performance_crash,False
1521232,@AppleSupport hi. Can you help me fix my activity ring of my Apple Watch?,sim_cellular_network,purchases_billing,False
766959,"@AppleSupport I received many emails like this one, how to stop these spammers!! 🤔",apple_id_account,device_settings_features,False
682100,@AppleSupport Thank you for the speedy reply. But it still occurs sometimes. That is better than every time.,apple_id_account,performance_crash,False
1588130,Such a wonderful experience with sorting out the issue I had with logging in to my iCloud through Safari. Thank you @AppleSupport !,apple_id_account,icloud_photos,False
2725955,@AppleSupport Yes still getting the same pop me to solve this.,sim_cellular_network,performance_crash,False
2683666,"Hey @AppleSupport how do i disable drag and drop features. I will never use it, it always starts when i rest my finger on something on the screen. I HATE THAT.",performance_crash,performance_crash,True
585982,@AppleSupport what the hell is this? My phone has been doing this every 5 minutes since I bought it almost a month ago. I’ve only bought more iCloud storage &amp; set up Apple Pay.. and both of those are working fine.,performance_crash,icloud_photos,False
1623809,@AppleSupport just got an iPhone X. Now whenever I dictate a reply using CarPlay it sends the message to the wrong person! So awkward.,performance_crash,messages_imessage,False
2140948,@AppleSupport @118936 @23150 @160959 I️ I️ I️ I️ I️ I️ I️ I️ I️ I️ I️ I️ I️ I️ please help I️ I️ I️ I️ I️,battery_charging,purchases_billing,False
2143986,"Apple, ima need y’all to get your shit together with this letter ‘I’ problem @AppleSupport",battery_charging,performance_crash,False
1633012,@AppleSupport anytime I get a notification my Spotify music stops playing. Even if I'm in the app... #iOS11 still sucks😒,sim_cellular_network,performance_crash,False
1949825,@579186 @AppleSupport Yeah the alarm alerts have gone totally bonkers on my phone too.,ios_update,device_settings_features,False
850441,"@AppleSupport MBP mid2012 9,2 (i7 upgraded to 16GB ram &amp; SSD)",ios_update,performance_crash,False
500102,"@AppleSupport tell me, am I meant to be using my passcode so much with Face ID I feel like I’ve gone back in time...",ios_update,performance_crash,False
2179480,"@AppleSupport Thanks for the reply, I do appreciate it, but what irks me is the fact that next reboot, it’s back to the same ‘default’ photo. Why cant we just leave things that work fine alone..?",ios_update,performance_crash,False
847086,iOS 11.0.3 was supposed to fix touch screen problems and it’s made my perfectly ok iPhone device have problems @AppleSupport,ios_update,performance_crash,False
796618,Does @AppleSupport no longer sell the lightning-ethernet adapter?,device_settings_features,device_settings_features,True
1517070,IM MAD @AppleSupport why do y’all keep replacing my I️ with this other stuff?? Please FIX IT ASAP,device_settings_features,performance_crash,False
36631,@AppleSupport I just sent a dm about an accident on iTunes I need help removing the payment please.,device_settings_features,purchases_billing,False
388940,@AppleSupport iPhone 6s and yes version 11.0.2.,ios_update,performance_crash,False
1788932,"Hey, @AppleSupport, what are you doing about the fact the update made battery life suck?",ios_update,battery_charging,False
1838233,@AppleSupport Thank you. iPod 6th gen iOS 11.0,ios_update,performance_crash,False
427835,@AppleSupport I was charged for a subscription that I ended and y’all owe me $15.,ios_update,purchases_billing,False
92840,@AppleSupport Is there a function I can change on my iPhone X so my phone automatically goes full screen when I watch a video it’s so annoying having to tap something to get full screen all the time,ios_update,performance_crash,False
2082339,Why I can’t download any apps from @118936?@AppleSupport,ios_update,apps_app_store,False
1630178,@AppleSupport This is what happens. I’ve only seen it on Facebook,ios_update,device_settings_features,False
434662,@AppleSupport 11.0.2,ios_update,performance_crash,False
1573107,@AppleSupport when y’all gone fix this glitch,ios_update,performance_crash,False
1795271,@AppleSupport if I trade in my iPad at the apple store tomorrow will thy give me credit I can use towards an Apple Watch?,ios_update,purchases_billing,False
2313546,"@AppleSupport No, this happens no matter what app I’m using and even when I’m not touching the phone. I have turned the phone on and off but the issue continues.",ios_update,device_settings_features,False
2485885,@AppleSupport My tasks/ windows in the background are always shut in order to prevent useless battery usage. Not ready to buy a new iPhone either 🤨,ios_update,battery_charging,False
1419643,hey @115858 @AppleSupport since when is my charger supposed to catch on fire and melt????,battery_charging,device_settings_features,False
1648387,"@406735 @AppleSupport YES, I HATE IT AND I'M TYPING IN ALL CAPS BECAUSE THIS PRESUMABLY IS A VERY SIMPLE THING TO FIX @APPLESUPPORT @115858 @80933",battery_charging,performance_crash,False
2435345,".@AppleSupport Headphone Jack is no longer recognizing headphones with iOS 11.1. Have tried multiple pairs, any solution?",battery_charging,device_settings_features,False
1802980,"@AppleSupport glitch in iOS 11.0.3 Never happened before. The music seek bar doesn’t work nor does it update per second. Tried closing and opening the app &amp; restarted as well, doesn’t work. Please fix",battery_charging,performance_crash,False
2505105,"You know @AppleSupport this is ridiculous, for weeks I️ haven’t had to deal with the glitch changing the letter “I️” but now suddenly I️ do out of nowhere? Is this some sort of joke?",battery_charging,performance_crash,False
1761114,@115858 @AppleSupport When y’all gone fix these bugs 🤦🏾‍♀️,performance_crash,performance_crash,True
934477,"@AppleSupport @341674 I have the same problem, I have to open the Spotify or Music App to manage musics, I can’t do it by the Control Center anymore",apple_id_account,device_settings_features,False
584807,@AppleSupport are you kidding me! Y’all fix the “I” problem! And now my “I.t” is trippin 🤨🧐😡😡😡🤬🤬🤬,icloud_photos,performance_crash,False
1508053,Hey @115858 @AppleSupport I don’t think my battery is supposed to go from 100% to 56% in 2 hours. I know my phones old but geez.,messages_imessage,battery_charging,False
2131161,fuck apple and iPhone seriously lost all of my fucking pictures and messages from the last 5 fucking months @115858 @AppleSupport,performance_crash,performance_crash,True
1636519,@AppleSupport I️ need an explanation,sim_cellular_network,performance_crash,False
1078307,@AppleSupport Still none of this works...,performance_crash,device_settings_features,False
481776,@AppleSupport I really despair that the iPhone 7 does this in notifications. ios 11 is wrong,battery_charging,performance_crash,False
1416064,@AppleSupport what’s going on with these question marks??,performance_crash,performance_crash,True
2095389,"@AppleSupport Ahh not again iOS 11.0.2 makes my iPhone 5s freeze all time, not able to use phone properly !! Pls fix",sim_cellular_network,performance_crash,False
2284084,@AppleSupport It's iPhone 5SE. The battery was good with iOS 10 &amp; also with iOS 11.0.2 but now with 11.1.1 it's the same it drains fast. It a common issue for all the users. There are many articles posted by Forbes also. Hope you know the same. Pls address the issue.,performance_crash,battery_charging,False
2773165,Y’all best explain why tf I always conveniently get problems with my iPhone when the newest one drops @AppleSupport this shit ain’t no coincidence,apple_id_account,device_settings_features,False
2774375,@AppleSupport @115858 wtf is that on my X,icloud_photos,device_settings_features,False
1845486,Mac OS X 10.12.6 QuickTime 10.4 cannot play a .MOD video it plays it as a audio file but iMessage can play the video? @AppleSupport,messages_imessage,messages_imessage,True
514814,@AppleSupport Why are some notifications in newest iOS overflowing their background boxes? Example attached,battery_charging,device_settings_features,False
342860,@AppleSupport I have the I phone 7+. It just freezes out of no where and I can’t turn it off and recently it’s been just restarting itself.,battery_charging,performance_crash,False
2141024,Fix this I️ I️ I️ I️ I️ I️ I️ I️ I️ I️ I️ I️ I️ I️ I️ I️ I️ I️ I️ I️ I️ I️ I️ I️ I️ I️ I️ I️ I️ I️ I️ I️ I️ I️ I️ I️ I️ I️ I️ @AppleSupport,performance_crash,performance_crash,True
2364511,Since this new iOS11 my weather widget doesn’t even display the right shit. How do I fix that? @AppleSupport,sim_cellular_network,performance_crash,False
195938,@AppleSupport how can I send emails to the trash now instead of the archived option in the Apple Mail App,apps_app_store,sim_cellular_network,False
2123904,Finally updated my phone to iOS 11. Instant regret. Thanks @AppleSupport,apps_app_store,performance_crash,False
2924687,"@AppleSupport Battery draining, gets stuck in landscape view, apps take 5-10 seconds to load(including recent calls, voicemail), some apps not compatible, auto dimming won’t turn off, flashlight doesn’t work at low battery percentage",apple_id_account,battery_charging,False
2834452,@AppleSupport battery life has been terrible since iOS 11 on my 6s plus. Any fix can you guys recommend?,icloud_photos,battery_charging,False
712509,"Dear @AppleSupport, for the 2nd time in 10 Days all my photos have disappeared except for 12 from 3 years ago.",performance_crash,performance_crash,True
2633080,@AppleSupport I need help but it seems I can't get anywhere with support.,battery_charging,purchases_billing,False
2508188,@AppleSupport Well they said go to the store they will help you let’s find out if they give me a new phone I will bring back all the iPhones I bought my family for Xmas and go back to google and get pixels for the fam no service what’s so ever from apple support thanks guys,sim_cellular_network,sim_cellular_network,True
1633478,Can not get any solution with #Apple chat on keep hanging #iPhone 5S after upgrading in iOS 11..😔 @AppleSupport @120640,apps_app_store,performance_crash,False
1920077,MON CLAVIER LAG A MORT @AppleSupport je vais peter un câble 😤,apple_id_account,performance_crash,False
2039833,Thanks for ruining my brand new phone @AppleSupport!! #iOS11 left me w/ a crashing phone that barely stays charged. #PlannedObsolescence,icloud_photos,performance_crash,False
87017,@AppleSupport My iPhone is currently running on iOS 11.1.2,messages_imessage,performance_crash,False
676798,@AppleSupport Cómo hago para que mi app de @12762 suene incluso si mi iPhone está en silencio o en no molestar 🌙? Gracias. 😀,battery_charging,performance_crash,False
797587,@AppleSupport Since the new update my settings have been changing (back lighting changes by itself. Goes to do not disturb).,performance_crash,device_settings_features,False
939219,@AppleSupport ever since I updated my iPhone to iOS 11 all my apps are running slow &amp; take long to open. My phone constantly freezes and this never happened before the update!!! Just terrible can you fix the bugs ASAP!!!!!!!!!,ios_update,performance_crash,False
747794,So I have to be online or keep the app open to receive messages. I hope @AppleSupport or Whatsapp fixes it.,performance_crash,performance_crash,True
778952,@AppleSupport updated my iphone 5s to ios 11.02.. Random touch occurs very frequently. Reset doesn't help me either.,sim_cellular_network,performance_crash,False
2041242,Uh @115858 @AppleSupport there might be something wrong with this #macbook #air from 2011.. battery?,battery_charging,battery_charging,True
365679,"@AppleSupport Hi, Battery drains super fast,Animation lags,Doesn't keep apps on memory as before. Expecting a fix ASAP",battery_charging,battery_charging,True
1658294,@AppleSupport I can’t open my messages app on iPhone X iOS 11.1 please help,battery_charging,performance_crash,False
554071,@AppleSupport trying to figure out how to turn on applepay cash with this 11.2 update???,battery_charging,device_settings_features,False
1467521,@AppleSupport Is there a way to force iCloud Drive to sync on Mac? I signed into iCloud &amp; no files show up. Files are on all other iDevices.,battery_charging,icloud_photos,False
1503047,@AppleSupport if i restore my phone from a old backup. Will all the new things on my phone be deleted? Like my messages and pictures?,battery_charging,performance_crash,False
1720797,@AppleSupport Why do I keep seeing boxes with question marks in them when I have already updated to the newest iOS?,battery_charging,device_settings_features,False
1296682,@AppleSupport My phone doesn't like to load any app data or anything when on WiFi. Only on cellular. Restored and tried multiple networks,battery_charging,device_settings_features,False
1595010,@490099 wtf @AppleSupport get it together,performance_crash,performance_crash,True
382439,@115858 WHY IS THIS HAPPENING!!! @AppleSupport,performance_crash,performance_crash,True
1443126,"@AppleSupport Already went through this - battery life was perfect until latest update. The problem with the battery draining fast was definitely caused by the latest update. Went through settings multiple times, settings are set the same as before the latest update",performance_crash,battery_charging,False
718096,"@AppleSupport I was billed on Friday for a game I play, despite not spending money that day. I contacted them but no reply yet.",performance_crash,purchases_billing,False
1711285,@AppleSupport Any way of knowing when my local Apple store will have more iPhone X's?,performance_crash,purchases_billing,False
1336268,@AppleSupport Tried both of your support methods last night - poor planning that they were both unavailable during iPhone X sales launch when needed.,performance_crash,performance_crash,True
995568,"@AppleSupport iPhone 8 on latest IOS, screen auto lock doesn’t work",performance_crash,device_settings_features,False
1543530,@478158 @AppleSupport It’s happening to me too and I’m actually about to lose my mind I️ I️ I️ I️ I️ I️ I️ I️ I️,performance_crash,performance_crash,True
944338,"@AppleSupport @343916 I was thinking about the same thing, IPhone 6a and iOS 11.0.3.. battery &amp; heating is the issue",device_settings_features,battery_charging,False
2894743,"@AppleSupport It happens regardless of devices being attached. It happens across all the of the apps I'm running: Mail, Preview, Chrome, Word, Excel. It happens even if only one app is running.",ios_update,performance_crash,False
1194558,@AppleSupport It does it with every app. And yes it’s up to date with the software.,battery_charging,performance_crash,False
824750,I wish I know how iOS 11 drains my #iPhone7 battery so fast! @115858 @AppleSupport #iOS11 #iphonebattery #iPhone8 #iPhone #iOS,battery_charging,battery_charging,True
1434363,@AppleSupport Hello! I’m listening to @115888 and the music controls at the control center are not working. Why?,performance_crash,device_settings_features,False
1081514,@AppleSupport Yes twitter etc all work fine,performance_crash,performance_crash,True
1222384,@AppleSupport I did a network reset to try and connect but appears a Message saying not able to connect to network ....,apps_app_store,device_settings_features,False
1976185,.@115858 really does get worse on usability in a big way. we're having the same issue and nothing helps @applesupport,apps_app_store,device_settings_features,False
1573652,Hey @AppleSupport if you could fix this whole I️ autocorrect situation that’d be great,apps_app_store,performance_crash,False
2424371,@AppleSupport someone owe me money or a new phone that is not going to crash everytime a new phone hits the market. Its been going on for too damn long and is unacceptable... FIX IT NOW⚠️,apple_id_account,performance_crash,False
2779357,@AppleSupport why are you guys allowing an app to charge me I canceled the subscription in my phone already two weeks ago. And now I can’t download any apps,apps_app_store,purchases_billing,False
376031,Phone keeps dying fast 🙂 @AppleSupport,performance_crash,performance_crash,True
233933,"@AppleSupport Yes from the control center. From yesterday i have observed if i keep my phone locked for some time and unlock it, wifi is on automatically",performance_crash,device_settings_features,False
2743023,I must say @AppleSupport latest update is poor. Correcting spelling that is already correct. Putting capital letters in. Changing languages ie hôtel not hotel. Woeful. Just woeful.,performance_crash,device_settings_features,False
1850916,@AppleSupport I’m using an iPad. I’m on iOS 11.0.3,sim_cellular_network,device_settings_features,False
286211,Getting distorted outgoing Voice msg quality w the last update to #iPhone &amp; #WhatsApp @4305 @AppleSupport Bluetooth is off but sounds on,apps_app_store,device_settings_features,False
1327377,@AppleSupport there is a problem that kept showing on my MacBook pro and my iphone6s is that when i play a music it will turn off and on many time by it self also in my mac the iTunes open himself I don’t know how 🤦🏻‍♀️,apps_app_store,device_settings_features,False
2002392,@115858 @AppleSupport what’s up with the capital “I️”. And my screen freezing with simple commands?? That @122986 pixel 2 lookin real nice.,apps_app_store,performance_crash,False
1338070,@115858 @AppleSupport I have had to buy and return 5 pairs of airpods because of bad manufacture defects in the housing of the airpods.,apple_id_account,device_settings_features,False
320674,@AppleSupport Just installed iOS 11.0.2 on my iPhone 6 and the photo app still refuses to edit the photos immediately. PLEASE FIX THIS BUG!!,apps_app_store,performance_crash,False
2304013,Why do I STILL see those question marks? I updated my phone @AppleSupport,apps_app_store,performance_crash,False
2287419,@AppleSupport 😩😩 so iPhone 7 will never have it,apps_app_store,performance_crash,False
267782,@AppleSupport where is the apps folder on the new iTunes? I can’t find my apps,apps_app_store,performance_crash,False
150032,So apparently blue tooth doesn’t work on the iPhone X @AppleSupport. Maybe I should’ve stuck with Samsung.,apps_app_store,performance_crash,False
1089276,@AppleSupport hi i dgraded my icloud plan from 50GB to free. I’m not sure if it was processed. How do i check it?,apps_app_store,icloud_photos,False
2817201,"@AppleSupport Today, all of a sudden, no apps can play sound. My music ring tone works tho! I’ve restarted several times and I have the latest iOS. This is an iPhone 6. Please help. (I have tried all the obvious stuff)",device_settings_features,performance_crash,False
1141642,@AppleSupport Thanks again but still no joy - just tried a music CD same issue - 1st time since Sierra installed - I think others have same problem :(,sim_cellular_network,performance_crash,False
1995486,"@AppleSupport .@AppleSupport The response from ur tech staff ""you're better off calling the #sydney store direct because we don't know."" Just pathetic.",other_unclear,device_settings_features,False
1152819,@AppleSupport USA,battery_charging,performance_crash,False
1449223,"@115858 @applesupport unable to send videos to non-iPhone users, huge problem. Please fix this asap! Have called support, no help.",battery_charging,performance_crash,False
1013789,I made it. 42nd #MarineCorpsMarathon Mission Accomplished 4:59:20 btw @AppleSupport your @NikeSupport Watch &amp; app crashed 3 times no record,battery_charging,performance_crash,False
352850,"@AppleSupport many bugs in 11.0.1 ; When msg button clicks on a contact,its not appearing screen “ to send message”",messages_imessage,messages_imessage,True
208297,@AppleSupport Yes. I’ve also toggled iMessage off and back on.,messages_imessage,messages_imessage,True
1436732,"@AppleSupport When I open my safari it starts with a blanc page, I want it to start with my favorites again... How do I do this? Thanks",sim_cellular_network,performance_crash,False
2619937,@AppleSupport I purchase something wrongly and i want to refund it how can i do that ?,purchases_billing,purchases_billing,True
2369420,"@683805 @AppleSupport @115858 No. I've uninstalled all apps that weren't ready for iOS11 (v 11.1.1), I've rebooted the phone several times, still no joy. It must be a bug when recovering installation from another phone. Perhaps better to reinstall from scratch?!",performance_crash,performance_crash,True
2081805,@AppleSupport Now it’s 62%. Everything worked just fine with watch OS 3! I like some of the new features of 4 but this bug is terrible.,apps_app_store,performance_crash,False
1478040,I️ updated my ios11 and every time eye type I️ it turns into a question mark? Fix this shit @AppleSupport,device_settings_features,performance_crash,False
1707734,@AppleSupport It’s not happening with any specific apps. It happens all the time. Connected to WiFi. No connected to WiFi. Home. Public. Wherever I am!,sim_cellular_network,device_settings_features,False
2440818,"But now, I can't seem to do that any more. It seems that either I restrict app installation or I don't: you have removed the distinction between free downloads and not-free downloads???? THIS IS REALLY INCONVENIENT. @AppleSupport",sim_cellular_network,performance_crash,False
1558812,Okay the question mark still comes out lol wtf @AppleSupport,performance_crash,performance_crash,True
1931373,Has anyone else’s @115858 watch screen popped off? Mine sprung across the room for no reason and is completely useless now. @AppleSupport,performance_crash,performance_crash,True
407077,@AppleSupport fuck ur update! my iphone 6 feels like a 6 year old phone now! thanks to ur ios update :) moneymaker,performance_crash,ios_update,False
2726866,Why does every time I️ day I️ it looks all weird? @AppleSupport I️ I️ I️,performance_crash,performance_crash,True
2093887,"@AppleSupport just received my iPhoneX, my photos aren’t transferring from old to new device. HELP! I have iCloud photo stream on. Only 159 pictures out of over 22,000 transferred.",performance_crash,icloud_photos,False
2279225,"Bro do another update, I can barely switch between apps @AppleSupport",apps_app_store,performance_crash,False
2690813,"@AppleSupport iPhone 6, 11.1.2, last night around 12am and I did uninstall it and re install it and it still doesn’t work",apple_id_account,performance_crash,False
2013358,I️ 👈 is so annoying!!!! @AppleSupport please fix this!!!,icloud_photos,performance_crash,False
563069,@AppleSupport I’ve got shit to do. I can’t call you guys every single time you run another buggy update. This is unacceptable.,messages_imessage,performance_crash,False
2858333,@applesupport iPhone@6s still unbearably slow after iOS 11.1 and 11.1.2 super laggggy.when is it going to be fixed?!,sim_cellular_network,performance_crash,False
556072,@AppleSupport Very clever. But did we really need it? Why clutter the home screen needlessly? I really don’t see the need for it. Do you?,performance_crash,performance_crash,True
2549905,@AppleSupport LIKE ACTUALLY WHAT IS THIS!,apps_app_store,performance_crash,False
2284833,@AppleSupport make this glitch stop pls,icloud_photos,performance_crash,False
1151823,Hello @AppleSupport take a look at this email please.,icloud_photos,performance_crash,False
1033272,@AppleSupport other than quitting Safari. Have you got any good ideas about dealing with these?,apps_app_store,performance_crash,False
2510950,@AppleSupport Yes. I’ve done it already,performance_crash,performance_crash,True
1583045,@115858 @AppleSupport why can you no longer see the battery percentage on the iPhone X?,apps_app_store,battery_charging,False
1778449,Anyone else having issues uploading Instagram videos with the #iPhoneX - mine are getting distorted @AppleSupport,icloud_photos,device_settings_features,False
1804616,.@AppleSupport iPhone update sucks! Message notifications don’t show on locked screen. Trouble reading incoming messages when in message 😡,apps_app_store,messages_imessage,False
2018466,Hey @AppleSupport i️ would love to use the first person singular pronoun to refer to myself again... without a question mark and a box A.,sim_cellular_network,performance_crash,False
51692,@AppleSupport my phone is updated so WHY AM I️ SEEING BOXES??,apple_id_account,performance_crash,False
1053680,@AppleSupport App Store not downloading apps using iOS 11.0.3 on 2017 iPad. Works fine on my 6s with iOS 10.3.3,icloud_photos,apps_app_store,False
96921,@AppleSupport I trained to get a medal. Can not calculate the activity app 😬 itself was an average of 47.2,sim_cellular_network,apps_app_store,False
1566055,Pls help @AppleSupport it only happens in my group chats and happens to my friends too,apple_id_account,messages_imessage,False
2004360,@AppleSupport heavy Battery drain on iOS 11.1 on a iPhone 7. Worst than 11.0.3... why don’t you solve this??,sim_cellular_network,battery_charging,False
2675397,@AppleSupport Every time I️ use the letter “ i “ it pops up,sim_cellular_network,performance_crash,False
2014234,@AppleSupport why do your support staff keep saying repair when under uk consumer law you’re obliged to replace or refund in first month,apps_app_store,purchases_billing,False
2050438,Error 11.0.2. @115858 @AppleSupport 🙄,apps_app_store,performance_crash,False
2123183,"@AppleSupport, I didn’t sign up for localized album covers, how do I disable this crap? iPhone language: English (U.K.) Region: United Kingdom Yes, my payment country is Russia.",sim_cellular_network,purchases_billing,False
751744,My iPhone has basically been redundant since doing the new iOS update! What’s going on @AppleSupport ?,apple_id_account,ios_update,False
613015,"@AppleSupport I’m only seeing this bug over social media instead of messages/autocorrect. not sure if it’s from iPhone or Android users, but it did not resolve with the update.",sim_cellular_network,messages_imessage,False
656279,@AppleSupport wassup man I️ tried to update my MacBook an my shit crashed 🤦🏽‍♂️,apps_app_store,performance_crash,False
1857314,RIP my battery @AppleSupport,performance_crash,battery_charging,False
698257,"@AppleSupport Nope it isn't clicked,it happens when I watch a video and when u turn the phone normal it stays fully open...",sim_cellular_network,performance_crash,False
1405460,@AppleSupport It said Finnish is not supported lol,apps_app_store,performance_crash,False
2518282,@AppleSupport hello i just updated my phone to the newest update and it’s not letting me call ANYONE and i really need to talk to my mom so if u could fix this that would be great,sim_cellular_network,performance_crash,False
805630,@AppleSupport Charged all the way to 100% last night. Somehow already at 68%. No apps opened.,sim_cellular_network,performance_crash,False
992359,@AppleSupport How can I revert back to ISO 10 please? 😑,apple_id_account,device_settings_features,False
312188,"Swollen Battery on 1st Gen Apple Watch, Screen Dislodged, Apple Support Chat denies Warranty Extension #confused @AppleSupport",sim_cellular_network,battery_charging,False
1753154,Hey @AppleSupport I’m sick of this damn A ? Stuff. Fix it,sim_cellular_network,performance_crash,False
2806662,@AppleSupport my location services is stuck on requesting data why won’t it shut off,apple_id_account,device_settings_features,False
690402,@AppleSupport @115858 iOS 11.0.3 Problems Problems Problems!📱7 Plus crap after update!Provide fix! Crash&amp;drain bugs to use phone normally.,apple_id_account,performance_crash,False
657226,Anyone else’s phone now buggered cause of the last @AppleSupport iOS download?,sim_cellular_network,performance_crash,False
253485,Can’t save pictures sent in @4305 to my camera roll (iPhone). Is this a bug with the iOS11? @AppleSupport,apps_app_store,performance_crash,False
1762221,"@AppleSupport for the love of god, can we get an update for this “I️” nonsense?",sim_cellular_network,performance_crash,False
184514,"@AppleSupport So still, why the need for cc when you first set up an ID.",sim_cellular_network,apple_id_account,False
1546812,"@AppleSupport No, I don’t even see that option. Sometimes it sets itself to less than 10% or more than 90%.",apps_app_store,performance_crash,False
927636,@AppleSupport I had low power mode on 😂😂😂 sorry,sim_cellular_network,device_settings_features,False
2496361,HELPPPPPPP @AppleSupport,apps_app_store,performance_crash,False
1983786,Every single update the volume/ringer interface is supposedly fixed. Still waiting for it ... @115858 @AppleSupport,sim_cellular_network,device_settings_features,False
2841991,@AppleSupport Y’all going to refund me for all the days my Apple Music hasn’t worked?! I’m going to have to drive home listening to the RADIO 😭,sim_cellular_network,purchases_billing,False
1560015,@AppleSupport This was not helpful in the slightest bit. Thanks for trying to help. This new update is what’s causing the glitch,sim_cellular_network,performance_crash,False
1692538,@AppleSupport Et que si je m’éloigne de ma box au bout de 3m c’est le no man’s land ? (Genre la je suis dans la pièce à côté mais en 4g pour écrire),apps_app_store,sim_cellular_network,False
1080466,"@AppleSupport Just a few contacts, not all. I get the red exclamation point. Tried all fixes from link and still nothing. Connectivity is fine as well.",apps_app_store,performance_crash,False
1065820,Hey @AppleSupport my phone alarm didn’t make a sound for a full hour why are you trying to ruin my life,apps_app_store,device_settings_features,False
2145640,Hey @AppleSupport! Fix your glitch with the letter that comes after “h”!,apps_app_store,performance_crash,False
2035102,"Worst #customerservice ever @applesupport - Up to 4th Senior Advisor - no follow up, no call back, no resolution, now a hangup @116333",other_unclear,device_settings_features,False
311509,"My iPhone 7 doesnthave an ""auto call answering"" option but I sick of it auto answering after few rings. How do I stop it?😡😡💚💚 @AppleSupport",calls,device_settings_features,False
273123,@AppleSupport IOS 11.1 UI is broken:Try making a call &amp; at the same time access any other app. The screen splits into 2 &amp; one half its black,calls,performance_crash,False
188639,@AppleSupport I have to restart my phone every single time I want to make a call because the new update messed up with the handset!!!! FIX THIS BUG,calls,performance_crash,False
386734,@AppleSupport Just the phone call,calls,calls,True
2723667,@AppleSupport I purchased extra storage but it's not reflecting. Can you help,purchases_billing,purchases_billing,True
2493140,Hi @AppleSupport how can I access audiobooks not purchased on iTunes but in the #audiobooks section of my #iTunes library on my #iPhone?,purchases_billing,purchases_billing,True
2493135,"@AppleSupport I was expecting them to sync, either via iTunes Match or on iBooks. Ones purchases through iTunes seem to appear in ibooks but others don't",purchases_billing,purchases_billing,True
1434221,@AppleSupport They were all purchased from iTunes,purchases_billing,purchases_billing,True
1423459,@AppleSupport are there any changes or issues with payment service? My method keeps being rejected. It worked perfectly fine a week ago.,purchases_billing,purchases_billing,True
989638,"@AppleSupport the text reactions aren't working in iMessage. also when I FacetTme from my MacBook, the person I'm talking to can't see me",messages_imessage,messages_imessage,True
989636,"@AppleSupport when I click on a message, the options do not appear on touch bar. And yes the FaceTime doesn't work for any contact",messages_imessage,device_settings_features,False
981949,@AppleSupport Would love to be able to delete a group of texts messages at the same time. It shouldn't be that difficult!,messages_imessage,messages_imessage,True
326660,@AppleSupport Nope. Just the exclamation mark saying not delivered. Only to android phones. iMessage works perfect,messages_imessage,messages_imessage,True
187457,@AppleSupport the new update sucks. Do I need my cellular data on to send texts to non iPhone friends?,messages_imessage,sim_cellular_network,False
333090,Hello @AppleSupport is there a bug for this #iOS11 ? Toggle from airplane mode turns on WiFi and Bluetooth,device_settings_features,device_settings_features,True
1824652,@AppleSupport #iOS11 bug when playing audio with bluetooth (music or spotify app): music sometimes stops for a split second :-(,device_settings_features,device_settings_features,True
237547,"Why does my wifi &amp; bt still turned on even i turned em off in control center, it drains my batt ios11.1 @AppleSupport",device_settings_features,device_settings_features,True
1795269,"Extremely unimpressed @AppleSupport! Installed #macOSHighSierra &amp; now my #iMac's #bluetooth #keyboard isn't connected, how do I then log in?",device_settings_features,device_settings_features,True
711075,"@AppleSupport Yep, immediately to the right of the WiFi icon. Spins continuously unless the phone is locked.",device_settings_features,device_settings_features,True
